date,open,high,low,close,volume,num_trades
2022-09-14 06:00:00,1613.3,1617.69,1603.57,1607.85,18869.0476,37093
2022-09-14 07:00:00,1607.86,1618.28,1598.8,1612.14,27718.3383,44263
2022-09-14 08:00:00,1612.15,1612.48,1584.35,1603.06,38496.6143,64890
2022-09-14 09:00:00,1603.07,1610.55,1596.99,1605.03,17418.2426,35921
2022-09-14 10:00:00,1605.04,1606.4,1594.02,1601.66,16742.2084,31260
2022-09-14 11:00:00,1601.66,1606.55,1583.2,1595.28,27273.6109,39598
2022-09-14 12:00:00,1595.27,1613.41,1586.13,1605.39,59749.8851,69111
2022-09-14 13:00:00,1605.38,1612.49,1590.33,1605.21,45803.1192,62339
2022-09-14 14:00:00,1605.22,1608.65,1587.39,1602.13,59458.5702,63988
2022-09-14 15:00:00,1602.12,1604.0,1591.75,1594.94,26005.1217,41084
2022-09-14 16:00:00,1594.94,1600.72,1581.29,1585.34,40042.709,51786
2022-09-14 17:00:00,1585.34,1602.93,1583.42,1589.3,27821.9393,39944
2022-09-14 18:00:00,1589.31,1594.09,1560.0,1579.06,54036.8119,73097
2022-09-14 19:00:00,1579.07,1600.89,1574.19,1599.81,30132.6518,42903
2022-09-14 20:00:00,1599.82,1604.29,1592.63,1602.56,18852.0925,28954
2022-09-14 21:00:00,1602.56,1621.58,1594.43,1620.36,21026.8509,34128
2022-09-14 22:00:00,1620.36,1646.52,1615.03,1638.9,40910.5109,57209
2022-09-14 23:00:00,1638.91,1647.01,1626.8,1638.39,28652.8947,40619
2022-09-15 00:00:00,1638.4,1655.2,1625.72,1627.98,79519.4864,70613
2022-09-15 01:00:00,1627.99,1630.2,1599.09,1628.91,47246.5225,53469
2022-09-15 02:00:00,1628.91,1628.92,1602.34,1617.08,32204.7676,46565
2022-09-15 03:00:00,1617.07,1618.31,1583.5,1605.53,59142.1972,80816
2022-09-15 04:00:00,1605.53,1612.8,1589.87,1601.44,38575.7294,45822
2022-09-15 05:00:00,1601.45,1621.01,1594.94,1619.99,34949.574,49444
2022-09-15 06:00:00,1619.99,1634.9,1571.5,1599.85,178478.2074,206908
2022-09-15 07:00:00,1599.86,1655.0,1595.5,1636.65,122402.2556,150728
2022-09-15 08:00:00,1636.65,1636.66,1597.72,1607.65,71359.7454,98751
2022-09-15 09:00:00,1607.65,1608.78,1583.84,1589.46,42038.8169,57167
2022-09-15 10:00:00,1589.47,1595.19,1576.3,1584.14,39689.9773,58423
2022-09-15 11:00:00,1584.15,1595.0,1574.46,1591.53,37957.6302,56038
2022-09-15 12:00:00,1591.54,1600.0,1582.79,1588.64,35296.68,61130
2022-09-15 13:00:00,1588.64,1592.0,1570.0,1586.92,36166.9257,59513
2022-09-15 14:00:00,1586.91,1591.67,1482.23,1491.44,137528.8368,169947
2022-09-15 15:00:00,1491.44,1502.18,1458.0,1492.94,104888.4158,141074
2022-09-15 16:00:00,1492.95,1510.09,1483.46,1509.51,47549.3369,69216
2022-09-15 17:00:00,1509.51,1519.11,1504.71,1508.08,30676.3397,48653
2022-09-15 18:00:00,1508.08,1513.74,1492.72,1498.76,19661.5433,36580
2022-09-15 19:00:00,1498.75,1506.96,1489.71,1497.63,24230.5259,35840
2022-09-15 20:00:00,1497.64,1509.62,1493.61,1503.99,19777.7536,26593
2022-09-15 21:00:00,1503.98,1504.5,1484.05,1490.41,17184.9414,26250
2022-09-15 22:00:00,1490.42,1490.42,1459.14,1475.04,49973.8372,50529
2022-09-15 23:00:00,1475.04,1479.19,1461.99,1472.75,28999.7585,48614
2022-09-16 00:00:00,1472.76,1483.33,1446.7,1482.97,54218.4925,68327
2022-09-16 01:00:00,1482.97,1483.35,1466.07,1471.42,17390.5224,31231
2022-09-16 02:00:00,1471.43,1474.45,1453.56,1466.74,22788.2835,38179
2022-09-16 03:00:00,1466.73,1474.05,1460.11,1473.56,17642.4003,31552
2022-09-16 04:00:00,1473.56,1480.44,1469.16,1469.78,17531.7298,28301
2022-09-16 05:00:00,1469.78,1479.04,1469.41,1472.21,11777.7965,24488
2022-09-16 06:00:00,1472.2,1476.74,1467.19,1472.36,15698.0548,29823
2022-09-16 07:00:00,1472.37,1477.27,1469.56,1471.7,16588.6129,30762
2022-09-16 08:00:00,1471.7,1472.12,1442.2,1451.44,48256.0057,68258
2022-09-16 09:00:00,1451.44,1465.99,1450.26,1462.71,28705.6979,45875
2022-09-16 10:00:00,1462.7,1474.24,1458.62,1469.7,23587.554,37102
2022-09-16 11:00:00,1469.69,1482.18,1465.39,1478.64,22788.6332,37653
2022-09-16 12:00:00,1478.64,1478.98,1452.08,1455.15,27696.0087,47295
2022-09-16 13:00:00,1455.16,1464.63,1424.28,1430.72,66641.4637,95818
2022-09-16 14:00:00,1430.72,1459.39,1425.0,1447.16,62339.5709,97643
2022-09-16 15:00:00,1447.16,1456.97,1439.52,1452.31,34757.8626,55583
2022-09-16 16:00:00,1452.31,1452.31,1412.44,1428.02,52337.0641,76128
2022-09-16 17:00:00,1428.01,1433.1,1405.52,1421.39,42315.7638,70230
2022-09-16 18:00:00,1421.4,1434.07,1410.01,1428.09,29341.0663,51119
2022-09-16 19:00:00,1428.09,1438.62,1426.98,1427.6,18201.1834,35776
2022-09-16 20:00:00,1427.6,1437.94,1427.35,1437.94,13380.524,27977
2022-09-16 21:00:00,1437.93,1448.41,1434.29,1439.78,13748.5724,32369
2022-09-16 22:00:00,1439.78,1442.22,1430.62,1432.27,19630.5003,27188
2022-09-16 23:00:00,1432.28,1434.61,1423.04,1433.9,16233.8788,23307
2022-09-17 00:00:00,1433.9,1456.6,1430.81,1443.04,34941.7401,42691
2022-09-17 01:00:00,1443.05,1448.41,1438.38,1445.64,18565.1395,28037
2022-09-17 02:00:00,1445.63,1446.23,1436.77,1439.71,11880.8961,24344
2022-09-17 03:00:00,1439.72,1442.38,1436.72,1440.57,10516.3291,20024
2022-09-17 04:00:00,1440.57,1447.92,1439.23,1440.87,17026.09,19966
2022-09-17 05:00:00,1440.87,1440.88,1425.09,1432.06,22314.0429,27682
2022-09-17 06:00:00,1432.06,1433.61,1425.0,1431.4,17654.7473,27510
2022-09-17 07:00:00,1431.39,1433.14,1426.4,1432.37,13814.8672,21447
2022-09-17 08:00:00,1432.37,1435.18,1430.61,1434.22,10433.2577,18305
2022-09-17 09:00:00,1434.22,1435.32,1430.16,1432.0,11025.6935,18712
2022-09-17 10:00:00,1432.01,1433.14,1416.0,1426.77,16024.1487,28040
2022-09-17 11:00:00,1426.77,1427.81,1419.03,1419.64,13285.6008,27479
2022-09-17 12:00:00,1419.64,1428.0,1409.12,1424.67,22628.2912,40805
2022-09-17 13:00:00,1424.67,1427.16,1419.28,1422.8,11148.1863,21306
2022-09-17 14:00:00,1422.8,1445.43,1421.98,1445.32,22166.8942,35884
2022-09-17 15:00:00,1445.33,1450.64,1436.67,1444.34,17998.2359,31855
2022-09-17 16:00:00,1444.34,1469.65,1442.34,1466.43,39775.579,68163
2022-09-17 17:00:00,1466.44,1475.9,1462.54,1470.54,21186.9551,40456
2022-09-17 18:00:00,1470.54,1476.13,1465.33,1467.75,15728.336,26700
2022-09-17 19:00:00,1467.76,1468.74,1458.23,1464.66,10509.0215,21343
2022-09-17 20:00:00,1464.67,1466.0,1461.06,1462.24,8712.5005,16954
2022-09-17 21:00:00,1462.25,1462.82,1446.52,1452.73,14381.9403,26221
2022-09-17 22:00:00,1452.72,1467.37,1450.86,1465.34,22452.9312,28887
2022-09-17 23:00:00,1465.33,1473.29,1461.81,1468.83,17219.9502,32134
2022-09-18 00:00:00,1468.82,1469.63,1449.0,1451.51,22912.6238,30829
2022-09-18 01:00:00,1451.51,1457.3,1450.16,1452.35,11662.7977,17522
2022-09-18 02:00:00,1452.35,1456.75,1451.45,1455.43,7681.4344,15377
2022-09-18 03:00:00,1455.42,1455.97,1446.66,1451.81,10159.6643,20796
2022-09-18 04:00:00,1451.8,1456.48,1448.89,1453.3,10535.8095,18710
2022-09-18 05:00:00,1453.3,1460.51,1452.07,1458.05,7567.4807,14606
2022-09-18 06:00:00,1458.05,1459.57,1450.88,1454.38,9699.6236,18000
2022-09-18 07:00:00,1454.37,1457.49,1452.56,1453.45,11046.8228,15669
2022-09-18 08:00:00,1453.45,1459.55,1452.39,1455.45,13554.81,19303
2022-09-18 09:00:00,1455.45,1458.35,1423.16,1424.18,35759.6198,41596
2022-09-18 10:00:00,1424.17,1444.19,1417.38,1431.88,28961.3459,44003
2022-09-18 11:00:00,1431.88,1435.41,1430.52,1434.01,12275.066,19990
2022-09-18 12:00:00,1434.02,1439.84,1426.0,1438.03,20125.8948,28594
2022-09-18 13:00:00,1438.02,1439.11,1431.71,1435.02,15671.0336,24210
2022-09-18 14:00:00,1435.03,1435.66,1410.1,1420.51,41329.0927,50266
2022-09-18 15:00:00,1420.51,1426.2,1412.12,1417.43,23547.1219,29272
2022-09-18 16:00:00,1417.44,1424.68,1386.22,1396.49,93924.0608,99307
2022-09-18 17:00:00,1396.49,1398.01,1372.33,1377.62,57323.519,70610
2022-09-18 18:00:00,1377.61,1387.41,1367.0,1374.54,57200.309,68140
2022-09-18 19:00:00,1374.54,1387.17,1368.53,1380.78,36080.1473,44626
2022-09-18 20:00:00,1380.78,1381.62,1367.07,1371.92,33699.7682,37753
2022-09-18 21:00:00,1371.92,1372.01,1325.55,1333.62,99059.5835,127235
2022-09-18 22:00:00,1333.62,1342.66,1325.94,1340.79,77162.3212,76388
2022-09-18 23:00:00,1340.78,1355.49,1330.0,1334.51,67173.5175,57803
2022-09-19 00:00:00,1334.51,1354.0,1331.5,1343.94,38532.4791,42323
2022-09-19 01:00:00,1343.95,1352.14,1336.93,1340.53,21485.5225,29662
2022-09-19 02:00:00,1340.53,1341.99,1295.0,1301.73,103183.9296,111805
2022-09-19 03:00:00,1301.73,1308.94,1287.71,1294.55,43906.0003,53508
2022-09-19 04:00:00,1294.55,1309.45,1292.91,1305.82,29953.6792,37123
2022-09-19 05:00:00,1305.83,1313.43,1285.0,1296.54,40267.8581,46213
2022-09-19 06:00:00,1296.54,1304.68,1280.0,1293.13,59109.9157,71582
2022-09-19 07:00:00,1293.13,1304.34,1284.34,1302.21,46746.2349,53942
2022-09-19 08:00:00,1302.22,1308.55,1292.87,1293.54,32212.3096,37615
2022-09-19 09:00:00,1293.54,1299.25,1289.41,1297.08,31388.4889,34110
2022-09-19 10:00:00,1297.09,1320.04,1295.5,1316.94,41164.0846,48496
2022-09-19 11:00:00,1316.94,1318.34,1302.16,1307.9,32269.3333,38618
2022-09-19 12:00:00,1307.91,1327.99,1306.75,1318.49,40212.0089,44721
2022-09-19 13:00:00,1318.49,1343.16,1311.28,1339.36,56757.1967,70115
2022-09-19 14:00:00,1339.36,1372.33,1331.71,1354.83,75879.6825,107108
2022-09-19 15:00:00,1354.83,1361.41,1339.03,1341.53,48499.2291,61786
2022-09-19 16:00:00,1341.52,1353.88,1337.81,1351.33,29286.331,46077
2022-09-19 17:00:00,1351.33,1352.77,1321.84,1328.49,34702.4351,46862
2022-09-19 18:00:00,1328.48,1345.5,1323.29,1344.69,27678.4317,39643
2022-09-19 19:00:00,1344.69,1367.46,1344.11,1362.37,43642.6496,61560
2022-09-19 20:00:00,1362.38,1367.98,1356.62,1357.08,20984.0836,33382
2022-09-19 21:00:00,1357.09,1393.35,1357.08,1377.82,30691.4869,57931
2022-09-19 22:00:00,1377.82,1392.19,1373.43,1385.77,28128.3685,34267
2022-09-19 23:00:00,1385.77,1388.31,1373.56,1375.98,18173.4586,26911
2022-09-20 00:00:00,1375.98,1384.78,1363.51,1369.28,29682.3021,39324
2022-09-20 01:00:00,1369.28,1369.52,1357.08,1365.81,16680.6384,25270
2022-09-20 02:00:00,1365.81,1369.39,1360.5,1365.99,13094.2523,21137
2022-09-20 03:00:00,1365.99,1367.35,1342.24,1355.0,32210.7929,38656
2022-09-20 04:00:00,1355.01,1359.24,1352.11,1356.89,14648.9779,20182
2022-09-20 05:00:00,1356.89,1369.72,1355.74,1357.39,16187.9234,26035
2022-09-20 06:00:00,1357.39,1361.35,1352.14,1359.8,13594.5597,22834
2022-09-20 07:00:00,1359.81,1378.51,1351.07,1358.54,43526.1657,58813
2022-09-20 08:00:00,1358.55,1366.74,1354.09,1357.51,18360.4696,26179
2022-09-20 09:00:00,1357.5,1359.61,1345.14,1352.57,25461.288,36419
2022-09-20 10:00:00,1352.57,1360.81,1346.43,1360.26,20325.8658,30307
2022-09-20 11:00:00,1360.27,1365.27,1353.35,1356.26,18592.779,29338
2022-09-20 12:00:00,1356.25,1357.5,1346.11,1349.83,25559.3894,37343
2022-09-20 13:00:00,1349.83,1352.31,1329.01,1343.84,57157.0864,77300
2022-09-20 14:00:00,1343.85,1359.99,1335.43,1359.67,50024.1349,69631
2022-09-20 15:00:00,1359.67,1381.56,1351.51,1377.18,38077.5015,60751
2022-09-20 16:00:00,1377.17,1384.1,1357.47,1367.32,37281.9848,58325
2022-09-20 17:00:00,1367.31,1368.99,1332.29,1335.43,41237.1354,65959
2022-09-20 18:00:00,1335.44,1348.44,1331.92,1345.2,35943.4645,55107
2022-09-20 19:00:00,1345.2,1357.55,1343.34,1352.1,23669.7995,44929
2022-09-20 20:00:00,1352.09,1356.36,1341.2,1343.18,16926.3224,28791
2022-09-20 21:00:00,1343.19,1348.7,1317.95,1317.96,20714.462,37513
2022-09-20 22:00:00,1318.02,1332.29,1312.71,1331.12,27675.2419,39024
2022-09-20 23:00:00,1331.12,1331.49,1316.37,1322.93,21394.609,32068
2022-09-21 00:00:00,1322.94,1335.68,1317.52,1334.28,21829.8102,35674
2022-09-21 01:00:00,1334.29,1336.73,1327.28,1329.42,15626.2757,22429
2022-09-21 02:00:00,1329.42,1345.96,1329.06,1340.07,18366.5499,25389
2022-09-21 03:00:00,1340.07,1342.67,1335.62,1337.21,8529.881,14615
2022-09-21 04:00:00,1337.21,1338.35,1331.0,1338.31,11980.8116,18399
2022-09-21 05:00:00,1338.3,1344.8,1330.1,1331.47,16854.0496,24414
2022-09-21 06:00:00,1331.47,1339.0,1320.0,1326.89,36656.936,48393
2022-09-21 07:00:00,1326.89,1333.26,1316.12,1331.97,18764.7435,32423
2022-09-21 08:00:00,1331.98,1332.87,1323.14,1328.83,11822.8908,23318
2022-09-21 09:00:00,1328.84,1340.36,1324.54,1338.96,16612.7515,27136
2022-09-21 10:00:00,1338.95,1349.23,1335.22,1346.1,25869.6704,30794
2022-09-21 11:00:00,1346.09,1353.8,1342.28,1350.92,21552.539,28039
2022-09-21 12:00:00,1350.93,1360.76,1347.28,1356.14,22867.7083,32886
2022-09-21 13:00:00,1356.14,1357.48,1344.27,1348.19,34907.8817,40388
2022-09-21 14:00:00,1348.18,1357.8,1340.71,1342.62,28912.4966,38431
2022-09-21 15:00:00,1342.62,1349.22,1334.01,1343.05,25917.6157,38243
2022-09-21 16:00:00,1343.06,1353.57,1340.24,1341.08,24588.1655,34270
2022-09-21 17:00:00,1341.09,1400.0,1340.72,1397.5,82431.7811,90891
2022-09-21 18:00:00,1399.43,1408.9,1302.95,1375.61,390619.0993,360756
2022-09-21 19:00:00,1375.61,1380.41,1321.59,1323.47,87618.2973,125751
2022-09-21 20:00:00,1323.47,1327.35,1308.16,1315.02,38243.8171,57097
2022-09-21 21:00:00,1315.01,1315.02,1241.36,1253.11,107047.8116,156096
2022-09-21 22:00:00,1253.12,1255.5,1220.0,1243.89,83433.863,95334
2022-09-21 23:00:00,1243.89,1255.36,1239.9,1245.78,41211.2915,44784
2022-09-22 00:00:00,1245.79,1252.04,1237.32,1242.88,35808.9348,37763
2022-09-22 01:00:00,1242.87,1257.77,1241.44,1256.93,31181.7227,32027
2022-09-22 02:00:00,1256.93,1269.0,1252.57,1265.66,33297.7773,33544
2022-09-22 03:00:00,1265.66,1271.58,1260.5,1262.91,21901.1776,30172
2022-09-22 04:00:00,1262.92,1270.76,1261.72,1264.04,21893.5863,26513
2022-09-22 05:00:00,1264.04,1264.64,1254.61,1258.63,21144.0457,26085
2022-09-22 06:00:00,1258.63,1274.73,1257.67,1266.84,33113.5086,38863
2022-09-22 07:00:00,1266.84,1280.73,1264.51,1278.59,26992.9805,40747
2022-09-22 08:00:00,1278.59,1298.56,1276.5,1289.52,45351.8329,55659
2022-09-22 09:00:00,1289.52,1294.7,1285.0,1292.13,25716.9792,36961
2022-09-22 10:00:00,1292.12,1302.75,1288.0,1295.72,26778.8335,40820
2022-09-22 11:00:00,1295.73,1313.02,1288.88,1308.5,39004.4563,52928
2022-09-22 12:00:00,1308.51,1313.7,1302.5,1307.11,37076.95,47688
2022-09-22 13:00:00,1307.12,1308.15,1270.2,1271.78,77146.4823,78394
2022-09-22 14:00:00,1271.78,1286.35,1263.5,1266.32,53995.598,68951
2022-09-22 15:00:00,1266.33,1273.67,1256.69,1271.25,39932.1397,52985
2022-09-22 16:00:00,1271.24,1284.93,1252.12,1281.62,48905.9309,58533
2022-09-22 17:00:00,1281.62,1295.81,1274.0,1290.3,39592.5343,45297
2022-09-22 18:00:00,1290.3,1309.99,1281.83,1302.79,46323.7306,58469
2022-09-22 19:00:00,1302.8,1337.4,1302.79,1323.87,53178.9161,70815
2022-09-22 20:00:00,1323.88,1334.99,1323.61,1324.39,33610.5039,40849
2022-09-22 21:00:00,1324.38,1328.98,1307.07,1307.7,29574.6629,33987
2022-09-22 22:00:00,1307.71,1332.29,1307.7,1323.54,35451.0729,39070
2022-09-22 23:00:00,1323.54,1350.08,1322.4,1326.46,47307.9155,47516
2022-09-23 00:00:00,1326.47,1339.99,1320.76,1321.21,26579.3196,34464
2022-09-23 01:00:00,1321.21,1334.0,1314.42,1332.44,30002.6896,33858
2022-09-23 02:00:00,1332.44,1333.99,1320.84,1324.31,18302.5039,27730
2022-09-23 03:00:00,1324.32,1345.4,1324.31,1340.77,31350.0246,41897
2022-09-23 04:00:00,1340.77,1360.0,1333.01,1349.86,36128.6216,40536
2022-09-23 05:00:00,1349.86,1355.71,1342.42,1342.43,22877.5409,30275
2022-09-23 06:00:00,1342.43,1349.34,1341.83,1342.29,17075.3605,24970
2022-09-23 07:00:00,1342.3,1343.39,1328.58,1331.82,37761.2711,40835
2022-09-23 08:00:00,1331.82,1335.57,1312.82,1317.5,36277.6724,50535
2022-09-23 09:00:00,1317.51,1322.97,1303.8,1312.98,34858.731,46425
2022-09-23 10:00:00,1312.97,1316.07,1290.0,1294.8,36245.38,50052
2022-09-23 11:00:00,1294.68,1297.27,1282.14,1287.74,48545.6765,68792
2022-09-23 12:00:00,1287.75,1305.62,1285.56,1298.18,39335.4903,56334
2022-09-23 13:00:00,1298.19,1319.13,1267.77,1270.87,97161.2962,104243
2022-09-23 14:00:00,1270.86,1288.74,1262.15,1283.68,86954.4532,97047
2022-09-23 15:00:00,1283.68,1309.09,1277.57,1293.94,55696.9662,72011
2022-09-23 16:00:00,1293.95,1298.67,1277.81,1295.45,46281.4853,62738
2022-09-23 17:00:00,1295.44,1302.49,1283.55,1295.79,39494.2496,50891
2022-09-23 18:00:00,1295.8,1307.42,1277.12,1282.61,61118.4521,77767
2022-09-23 19:00:00,1282.62,1296.09,1274.32,1292.26,50656.1946,65212
2022-09-23 20:00:00,1292.26,1309.0,1292.24,1300.61,26916.1376,37510
2022-09-23 21:00:00,1300.62,1329.28,1299.0,1325.95,27870.7628,42216
2022-09-23 22:00:00,1325.95,1337.77,1323.91,1329.78,42937.8534,45156
2022-09-23 23:00:00,1329.79,1339.93,1323.11,1327.25,23624.2314,32012
2022-09-24 00:00:00,1327.24,1330.41,1311.36,1318.03,27427.8407,32138
2022-09-24 01:00:00,1318.03,1324.99,1312.85,1318.71,13876.3949,21264
2022-09-24 02:00:00,1318.71,1330.11,1316.62,1324.55,30278.0757,29487
2022-09-24 03:00:00,1324.55,1327.54,1315.75,1321.65,28007.6955,25972
2022-09-24 04:00:00,1321.66,1329.83,1318.26,1328.12,13651.1491,22078
2022-09-24 05:00:00,1328.11,1337.8,1323.82,1332.57,21368.6863,28279
2022-09-24 06:00:00,1332.57,1335.65,1322.41,1324.5,14849.5228,22853
2022-09-24 07:00:00,1324.51,1325.09,1316.9,1322.41,14087.2762,22691
2022-09-24 08:00:00,1322.4,1331.15,1317.03,1329.24,23193.9793,28970
2022-09-24 09:00:00,1329.24,1329.99,1321.33,1326.59,24322.717,24150
2022-09-24 10:00:00,1326.6,1328.63,1320.5,1325.99,17028.0165,20339
2022-09-24 11:00:00,1326.0,1332.74,1323.81,1326.99,25251.2461,22587
2022-09-24 12:00:00,1326.99,1336.39,1326.15,1331.99,24239.1175,24867
2022-09-24 13:00:00,1331.98,1348.9,1331.18,1342.71,40413.4806,43461
2022-09-24 14:00:00,1342.7,1349.33,1339.6,1342.38,17960.5796,29352
2022-09-24 15:00:00,1342.38,1345.39,1333.11,1339.78,22721.0017,26849
2022-09-24 16:00:00,1339.77,1347.3,1337.44,1337.82,26248.9913,27530
2022-09-24 17:00:00,1337.82,1343.2,1333.69,1336.37,14172.6888,18196
2022-09-24 18:00:00,1336.36,1344.0,1333.85,1343.69,18576.6245,21829
2022-09-24 19:00:00,1343.7,1348.35,1339.59,1342.31,13170.7785,17940
2022-09-24 20:00:00,1342.3,1344.07,1337.47,1342.0,9221.9817,14631
2022-09-24 21:00:00,1341.99,1342.39,1319.42,1322.96,21208.7769,30992
2022-09-24 22:00:00,1322.98,1322.99,1306.52,1314.49,31942.5436,37692
2022-09-24 23:00:00,1314.5,1321.02,1310.53,1317.13,24338.1849,22243
2022-09-25 00:00:00,1317.13,1323.93,1314.4,1321.57,25405.3823,23035
2022-09-25 01:00:00,1321.58,1325.48,1318.37,1321.58,14565.4937,16345
2022-09-25 02:00:00,1321.57,1322.48,1316.04,1321.16,13083.0362,15469
2022-09-25 03:00:00,1321.16,1329.44,1318.81,1329.38,16824.518,22091
2022-09-25 04:00:00,1329.37,1330.12,1325.0,1327.64,9439.9714,15408
2022-09-25 05:00:00,1327.64,1329.43,1319.58,1322.68,10403.1724,14767
2022-09-25 06:00:00,1322.68,1328.43,1321.7,1326.31,7414.0464,13339
2022-09-25 07:00:00,1326.32,1337.0,1324.18,1332.84,19390.0125,23810
2022-09-25 08:00:00,1332.83,1334.45,1328.06,1330.55,22619.28,21203
2022-09-25 09:00:00,1330.54,1332.26,1321.89,1323.11,14174.1495,20533
2022-09-25 10:00:00,1323.1,1327.18,1316.74,1325.31,13135.9838,18893
2022-09-25 11:00:00,1325.32,1332.0,1325.08,1329.33,13772.0807,17088
2022-09-25 12:00:00,1329.33,1331.49,1322.22,1323.57,10620.6299,18651
2022-09-25 13:00:00,1323.57,1323.84,1298.15,1306.11,61099.8305,55439
2022-09-25 14:00:00,1306.11,1310.16,1299.21,1306.0,21605.0182,32493
2022-09-25 15:00:00,1306.0,1314.53,1305.0,1310.79,19212.136,26610
2022-09-25 16:00:00,1310.78,1321.03,1301.5,1303.54,22265.2881,29282
2022-09-25 17:00:00,1303.54,1304.39,1281.91,1297.38,50395.9428,59291
2022-09-25 18:00:00,1297.37,1300.65,1289.34,1296.51,18293.5852,25386
2022-09-25 19:00:00,1296.5,1303.62,1294.49,1299.82,19776.2295,23595
2022-09-25 20:00:00,1299.81,1300.17,1291.07,1292.35,11206.7669,18775
2022-09-25 21:00:00,1292.34,1294.5,1280.17,1285.53,18152.1077,27562
2022-09-25 22:00:00,1285.54,1303.1,1269.27,1290.94,58570.2616,66877
2022-09-25 23:00:00,1290.94,1300.29,1288.29,1294.63,24108.9176,34745
2022-09-26 00:00:00,1294.62,1311.62,1290.02,1293.04,40190.0686,47427
2022-09-26 01:00:00,1293.05,1307.14,1286.88,1301.37,38770.5915,45961
2022-09-26 02:00:00,1301.38,1308.83,1299.18,1304.37,30331.7308,28828
2022-09-26 03:00:00,1304.37,1314.55,1301.16,1303.23,23693.3651,28277
2022-09-26 04:00:00,1303.24,1306.35,1293.76,1294.33,16833.127,23122
2022-09-26 05:00:00,1294.33,1296.38,1286.27,1290.69,20584.3722,25997
2022-09-26 06:00:00,1290.69,1296.33,1277.85,1280.23,46254.3222,47475
2022-09-26 07:00:00,1280.23,1300.46,1279.35,1295.44,41320.3099,46598
2022-09-26 08:00:00,1295.43,1322.74,1293.38,1320.71,40607.8263,46438
2022-09-26 09:00:00,1320.7,1325.06,1308.04,1309.73,31159.3051,40361
2022-09-26 10:00:00,1309.72,1318.0,1307.0,1311.71,26707.2873,31546
2022-09-26 11:00:00,1311.7,1313.75,1289.32,1297.22,35208.9344,42372
2022-09-26 12:00:00,1297.22,1321.9,1293.7,1315.85,37595.9691,46333
2022-09-26 13:00:00,1315.86,1327.25,1308.53,1324.79,51152.8688,59205
2022-09-26 14:00:00,1324.8,1338.51,1320.79,1330.01,57207.9502,67581
2022-09-26 15:00:00,1330.0,1332.14,1314.35,1325.17,37446.6086,46024
2022-09-26 16:00:00,1325.18,1325.18,1311.27,1322.46,51018.7619,50822
2022-09-26 17:00:00,1322.47,1327.81,1315.14,1323.04,27558.8152,31685
2022-09-26 18:00:00,1323.03,1333.04,1321.27,1330.95,23926.3086,34775
2022-09-26 19:00:00,1330.95,1340.42,1326.85,1330.38,39592.7184,47127
2022-09-26 20:00:00,1330.37,1332.0,1321.5,1324.87,31151.8827,29796
2022-09-26 21:00:00,1324.88,1326.68,1315.32,1317.19,12783.5192,18267
2022-09-26 22:00:00,1317.18,1334.13,1315.29,1327.44,18720.5401,23979
2022-09-26 23:00:00,1327.45,1337.73,1327.08,1336.17,19349.2501,24163
2022-09-27 00:00:00,1336.17,1348.26,1332.28,1342.83,37926.7101,36638
2022-09-27 01:00:00,1342.82,1379.62,1342.22,1367.05,63334.9468,74741
2022-09-27 02:00:00,1367.06,1376.71,1361.88,1376.42,27660.142,34280
2022-09-27 03:00:00,1376.42,1389.77,1370.71,1385.66,50910.7458,53634
2022-09-27 04:00:00,1385.66,1387.62,1379.03,1380.41,28052.0727,36270
2022-09-27 05:00:00,1380.4,1387.01,1375.04,1386.82,34716.0808,47478
2022-09-27 06:00:00,1386.81,1394.56,1383.83,1384.03,30171.0595,38067
2022-09-27 07:00:00,1384.03,1390.25,1380.56,1382.33,20180.6972,30235
2022-09-27 08:00:00,1382.34,1384.72,1375.69,1378.33,22964.2424,35896
2022-09-27 09:00:00,1378.33,1386.33,1375.6,1384.41,21047.8384,28465
2022-09-27 10:00:00,1384.4,1389.44,1383.2,1387.02,18972.6034,23773
2022-09-27 11:00:00,1387.02,1399.06,1382.01,1388.81,31541.5301,38700
2022-09-27 12:00:00,1388.82,1400.0,1385.59,1392.06,39557.162,47067
2022-09-27 13:00:00,1392.07,1399.16,1379.57,1388.0,48576.8513,53217
2022-09-27 14:00:00,1387.99,1391.58,1380.18,1388.36,37177.9741,44113
2022-09-27 15:00:00,1388.35,1390.5,1364.62,1365.18,40918.477,51643
2022-09-27 16:00:00,1365.19,1367.68,1320.11,1331.83,84949.2332,104245
2022-09-27 17:00:00,1331.84,1331.84,1308.5,1314.3,56863.223,72694
2022-09-27 18:00:00,1314.31,1325.72,1303.75,1323.11,44092.1601,53211
2022-09-27 19:00:00,1323.11,1331.63,1311.78,1324.6,42662.0045,48635
2022-09-27 20:00:00,1324.6,1325.29,1317.19,1324.88,20822.3103,25533
2022-09-27 21:00:00,1324.88,1325.93,1316.69,1322.05,12397.2906,20185
2022-09-27 22:00:00,1322.06,1331.43,1317.04,1330.01,21353.9973,27342
2022-09-27 23:00:00,1330.0,1335.16,1326.56,1328.02,23735.5418,29150
2022-09-28 00:00:00,1328.01,1340.44,1328.01,1333.63,23431.1013,28264
2022-09-28 01:00:00,1333.63,1336.71,1306.0,1310.78,46516.643,49504
2022-09-28 02:00:00,1310.79,1312.71,1267.13,1277.15,95207.036,96408
2022-09-28 03:00:00,1277.14,1288.68,1275.91,1287.23,27013.4756,36247
2022-09-28 04:00:00,1287.24,1288.98,1280.99,1283.93,23634.4365,30516
2022-09-28 05:00:00,1283.92,1286.99,1277.19,1286.46,19873.0477,28648
2022-09-28 06:00:00,1286.46,1293.45,1277.39,1277.47,25425.1691,29888
2022-09-28 07:00:00,1277.48,1286.58,1266.52,1285.53,54482.321,49992
2022-09-28 08:00:00,1285.52,1285.95,1276.88,1282.67,28847.1597,38932
2022-09-28 09:00:00,1282.68,1283.83,1270.0,1273.24,29262.5762,40868
2022-09-28 10:00:00,1273.23,1311.74,1253.2,1302.75,114942.3888,109451
2022-09-28 11:00:00,1302.74,1305.6,1287.83,1295.31,34164.4409,43618
2022-09-28 12:00:00,1295.31,1311.42,1293.69,1304.29,32954.6805,40972
2022-09-28 13:00:00,1304.29,1318.55,1298.17,1310.58,54863.1043,59817
2022-09-28 14:00:00,1310.57,1331.64,1305.0,1325.77,53915.7043,59198
2022-09-28 15:00:00,1325.78,1332.9,1322.17,1331.78,31400.0194,38396
2022-09-28 16:00:00,1331.78,1339.35,1328.41,1329.35,34359.5636,40530
2022-09-28 17:00:00,1329.34,1335.35,1310.54,1322.05,40284.2682,45741
2022-09-28 18:00:00,1322.05,1336.24,1314.5,1333.18,28658.2035,40692
2022-09-28 19:00:00,1333.18,1343.75,1322.0,1334.12,28112.6479,38056
2022-09-28 20:00:00,1334.13,1355.47,1333.1,1350.44,36117.0354,45290
2022-09-28 21:00:00,1350.43,1355.7,1341.04,1345.44,18640.0547,29678
2022-09-28 22:00:00,1345.43,1346.63,1333.52,1338.04,24369.2211,31883
2022-09-28 23:00:00,1338.03,1344.01,1335.1,1337.2,12840.6144,22852
2022-09-29 00:00:00,1337.2,1344.28,1327.37,1334.21,26548.1106,28503
2022-09-29 01:00:00,1334.21,1352.02,1333.09,1344.48,24648.7285,29918
2022-09-29 02:00:00,1344.48,1346.84,1330.52,1336.71,27410.8023,31780
2022-09-29 03:00:00,1336.71,1343.59,1332.2,1342.0,19250.4428,25990
2022-09-29 04:00:00,1342.01,1345.92,1339.12,1341.26,17595.7483,27041
2022-09-29 05:00:00,1341.26,1344.86,1329.23,1332.35,27248.6443,34320
2022-09-29 06:00:00,1332.36,1332.36,1322.14,1328.58,26754.5802,33713
2022-09-29 07:00:00,1328.58,1330.53,1313.55,1322.0,41568.1798,49532
2022-09-29 08:00:00,1321.99,1325.5,1314.0,1324.24,32223.2518,44452
2022-09-29 09:00:00,1324.23,1340.09,1322.49,1337.0,38342.7982,46375
2022-09-29 10:00:00,1336.99,1342.1,1332.36,1336.7,18083.494,26036
2022-09-29 11:00:00,1336.71,1345.24,1332.54,1336.56,25573.3828,34575
2022-09-29 12:00:00,1336.57,1337.73,1312.43,1319.88,61997.2915,66578
2022-09-29 13:00:00,1319.87,1329.86,1294.34,1301.1,82098.6943,77989
2022-09-29 14:00:00,1301.1,1324.22,1288.52,1320.22,67402.1645,76427
2022-09-29 15:00:00,1320.22,1332.93,1317.25,1326.8,44826.5751,59101
2022-09-29 16:00:00,1326.81,1348.25,1314.64,1337.45,46226.6696,59669
2022-09-29 17:00:00,1337.45,1341.94,1326.09,1326.53,25964.5066,40466
2022-09-29 18:00:00,1326.53,1339.98,1319.67,1326.86,31906.0736,44339
2022-09-29 19:00:00,1326.85,1341.95,1326.63,1333.31,25489.8258,34247
2022-09-29 20:00:00,1333.3,1339.57,1330.0,1337.81,11863.1949,20223
2022-09-29 21:00:00,1337.8,1338.71,1331.51,1332.68,8528.782,17242
2022-09-29 22:00:00,1332.68,1340.95,1324.07,1329.28,21355.5313,22657
2022-09-29 23:00:00,1329.28,1337.87,1326.13,1335.7,17684.2167,19303
2022-09-30 00:00:00,1335.69,1352.3,1327.5,1337.51,48972.1821,52597
2022-09-30 01:00:00,1337.52,1338.22,1328.26,1335.97,21216.121,26456
2022-09-30 02:00:00,1335.97,1336.88,1325.0,1326.39,19012.3308,23735
2022-09-30 03:00:00,1326.38,1329.61,1320.12,1327.49,19747.853,22816
2022-09-30 04:00:00,1327.5,1331.07,1325.8,1328.49,10271.9938,14282
2022-09-30 05:00:00,1328.49,1335.59,1328.17,1329.87,13538.5638,18316
2022-09-30 06:00:00,1329.87,1334.63,1329.53,1332.98,11554.2621,16640
2022-09-30 07:00:00,1332.98,1346.1,1332.37,1339.88,34451.5013,35905
2022-09-30 08:00:00,1339.89,1349.36,1337.3,1348.6,21052.0487,29095
2022-09-30 09:00:00,1348.61,1349.0,1339.17,1342.47,19481.4638,24693
2022-09-30 10:00:00,1342.48,1344.68,1332.09,1337.08,24261.5923,30618
2022-09-30 11:00:00,1337.07,1339.63,1326.01,1330.8,24105.734,31153
2022-09-30 12:00:00,1330.79,1343.5,1313.35,1327.48,92473.8342,91672
2022-09-30 13:00:00,1327.47,1337.0,1315.71,1335.63,50125.1537,58499
2022-09-30 14:00:00,1335.63,1364.27,1332.6,1360.09,82258.2393,95993
2022-09-30 15:00:00,1360.1,1373.19,1348.06,1351.09,54826.5483,73848
2022-09-30 16:00:00,1351.09,1361.72,1342.22,1352.24,37594.6339,50155
2022-09-30 17:00:00,1352.24,1357.2,1341.21,1345.28,20612.4276,36251
2022-09-30 18:00:00,1345.29,1354.24,1342.89,1347.65,23402.3257,34048
2022-09-30 19:00:00,1347.65,1354.97,1333.0,1337.56,29799.6179,47393
2022-09-30 20:00:00,1337.54,1344.98,1328.02,1331.73,27646.811,45177
2022-09-30 21:00:00,1331.73,1331.74,1323.01,1323.18,12855.5882,22502
2022-09-30 22:00:00,1323.18,1326.87,1316.41,1322.49,29335.5503,30351
2022-09-30 23:00:00,1322.49,1329.22,1319.13,1328.72,12157.2342,14740
2022-10-01 00:00:00,1328.71,1333.69,1324.36,1327.36,11395.7682,15286
2022-10-01 01:00:00,1327.35,1332.42,1326.0,1331.49,7589.64,11551
2022-10-01 02:00:00,1331.48,1332.49,1329.3,1330.16,9094.2691,10685
2022-10-01 03:00:00,1330.16,1331.48,1325.51,1329.61,8034.7774,11496
2022-10-01 04:00:00,1329.61,1331.31,1326.88,1328.93,11321.9829,12740
2022-10-01 05:00:00,1328.93,1330.85,1323.28,1329.16,12555.8093,17379
2022-10-01 06:00:00,1329.17,1329.17,1326.25,1327.64,7014.5231,9846
2022-10-01 07:00:00,1327.65,1330.73,1325.0,1328.81,6645.0155,11922
2022-10-01 08:00:00,1328.81,1332.58,1328.79,1331.62,6050.5895,9825
2022-10-01 09:00:00,1331.61,1333.0,1329.5,1330.78,6235.3271,9670
2022-10-01 10:00:00,1330.78,1332.05,1327.26,1329.63,7068.6431,9795
2022-10-01 11:00:00,1329.62,1330.18,1317.24,1325.42,17882.9966,23752
2022-10-01 12:00:00,1325.41,1326.2,1319.2,1323.05,12468.8147,16228
2022-10-01 13:00:00,1323.05,1330.0,1321.4,1325.93,11679.6246,16958
2022-10-01 14:00:00,1325.94,1326.71,1321.82,1322.82,6734.0834,12194
2022-10-01 15:00:00,1322.82,1325.13,1320.28,1322.63,8386.4252,12826
2022-10-01 16:00:00,1322.62,1324.22,1305.53,1310.95,27154.8399,33608
2022-10-01 17:00:00,1310.95,1315.34,1306.71,1313.29,13110.031,18565
2022-10-01 18:00:00,1313.29,1316.62,1307.64,1315.64,12796.7534,16177
2022-10-01 19:00:00,1315.64,1317.54,1307.53,1311.96,11328.2951,14092
2022-10-01 20:00:00,1311.95,1311.96,1302.68,1309.52,18269.7054,21756
2022-10-01 21:00:00,1309.52,1315.23,1309.34,1313.21,6478.6613,11385
2022-10-01 22:00:00,1313.21,1316.27,1311.86,1312.79,7462.8931,11013
2022-10-01 23:00:00,1312.8,1314.35,1309.6,1311.79,5322.4367,8647
2022-10-02 00:00:00,1311.79,1315.94,1306.36,1310.55,10306.1976,13371
2022-10-02 01:00:00,1310.54,1311.49,1305.23,1307.89,10364.7958,14780
2022-10-02 02:00:00,1307.88,1312.36,1307.0,1310.75,6306.8272,9427
2022-10-02 03:00:00,1310.75,1312.23,1308.29,1309.55,5358.7424,9219
2022-10-02 04:00:00,1309.56,1312.97,1307.72,1312.88,10020.0935,12246
2022-10-02 05:00:00,1312.87,1317.16,1310.8,1313.0,14830.2637,16382
2022-10-02 06:00:00,1313.01,1317.93,1311.25,1312.5,11530.5413,13521
2022-10-02 07:00:00,1312.49,1313.65,1308.41,1311.14,15117.0022,13237
2022-10-02 08:00:00,1311.14,1312.99,1306.38,1309.99,8428.349,11824
2022-10-02 09:00:00,1309.99,1310.85,1304.34,1307.0,8145.8721,11631
2022-10-02 10:00:00,1307.0,1308.16,1280.63,1289.62,47955.2968,48802
2022-10-02 11:00:00,1289.62,1303.73,1287.64,1297.87,22525.5892,27402
2022-10-02 12:00:00,1297.87,1301.24,1292.28,1295.4,13770.3373,17620
2022-10-02 13:00:00,1295.4,1300.36,1292.26,1297.25,13290.2719,18181
2022-10-02 14:00:00,1297.26,1298.83,1286.52,1290.0,16200.913,20434
2022-10-02 15:00:00,1290.0,1294.27,1289.01,1293.32,8504.5615,14861
2022-10-02 16:00:00,1293.33,1302.48,1292.85,1296.69,11887.9153,18895
2022-10-02 17:00:00,1296.68,1298.37,1295.3,1297.63,8155.8796,12666
2022-10-02 18:00:00,1297.62,1298.22,1291.41,1296.14,9338.0471,15206
2022-10-02 19:00:00,1296.14,1313.87,1295.84,1304.83,26691.8281,30578
2022-10-02 20:00:00,1304.82,1307.5,1302.85,1302.85,6188.9011,10187
2022-10-02 21:00:00,1302.85,1303.43,1292.06,1300.55,15662.5287,20124
2022-10-02 22:00:00,1300.55,1305.57,1286.7,1290.0,23723.1104,31181
2022-10-02 23:00:00,1290.0,1291.5,1270.0,1276.72,47436.1759,50701
2022-10-03 00:00:00,1276.72,1285.04,1263.04,1281.92,32173.1912,37284
2022-10-03 01:00:00,1281.91,1299.21,1281.45,1298.25,33266.0509,32927
2022-10-03 02:00:00,1298.26,1300.75,1289.07,1289.53,13438.0979,18674
2022-10-03 03:00:00,1289.52,1296.18,1289.29,1291.8,11025.3074,13991
2022-10-03 04:00:00,1291.8,1292.87,1286.79,1288.01,9429.6458,14324
2022-10-03 05:00:00,1288.0,1298.8,1284.11,1295.55,20452.5941,24428
2022-10-03 06:00:00,1295.55,1301.94,1288.98,1291.7,15813.9758,21823
2022-10-03 07:00:00,1291.7,1295.79,1287.08,1291.96,18829.8798,22316
2022-10-03 08:00:00,1291.96,1292.86,1288.58,1291.4,10793.8714,15815
2022-10-03 09:00:00,1291.4,1292.7,1286.25,1292.7,10849.2079,17307
2022-10-03 10:00:00,1292.69,1297.98,1290.1,1297.62,14052.1941,21273
2022-10-03 11:00:00,1297.62,1299.38,1292.5,1299.01,13663.0127,20021
2022-10-03 12:00:00,1299.02,1303.6,1294.44,1301.94,17702.9424,21597
2022-10-03 13:00:00,1301.93,1311.48,1295.76,1297.76,40228.9035,46886
2022-10-03 14:00:00,1297.76,1323.19,1297.74,1319.98,52002.1585,58192
2022-10-03 15:00:00,1319.99,1327.57,1317.67,1318.77,32865.5804,36445
2022-10-03 16:00:00,1318.76,1324.08,1314.46,1320.46,18983.9134,24069
2022-10-03 17:00:00,1320.46,1329.2,1320.36,1325.84,23594.2152,26252
2022-10-03 18:00:00,1325.83,1329.9,1316.2,1317.6,19449.1262,23765
2022-10-03 19:00:00,1317.59,1321.54,1309.38,1317.9,24317.6091,30463
2022-10-03 20:00:00,1317.89,1324.41,1314.75,1323.59,13022.2178,16294
2022-10-03 21:00:00,1323.58,1323.72,1317.33,1318.04,7944.0834,12756
2022-10-03 22:00:00,1318.04,1321.89,1315.0,1315.54,12106.009,18119
2022-10-03 23:00:00,1315.53,1328.0,1315.53,1323.09,17771.4556,23727
2022-10-04 00:00:00,1323.1,1330.38,1320.11,1321.6,15563.0086,24360
2022-10-04 01:00:00,1321.59,1323.85,1319.45,1319.48,7390.9277,13750
2022-10-04 02:00:00,1319.48,1322.45,1318.66,1321.37,7276.9,13375
2022-10-04 03:00:00,1321.36,1330.0,1319.53,1329.0,11396.0222,19423
2022-10-04 04:00:00,1329.01,1335.71,1326.49,1328.27,18980.563,34649
2022-10-04 05:00:00,1328.28,1332.85,1325.19,1325.33,13668.7594,25840
2022-10-04 06:00:00,1325.33,1342.4,1324.35,1337.93,26193.6163,41939
2022-10-04 07:00:00,1337.93,1350.2,1337.63,1350.0,39106.1631,55905
2022-10-04 08:00:00,1349.99,1359.67,1345.91,1347.85,47206.8713,64501
2022-10-04 09:00:00,1347.85,1351.9,1342.01,1347.78,19673.6813,36378
2022-10-04 10:00:00,1347.77,1354.73,1346.6,1348.97,15368.585,33240
2022-10-04 11:00:00,1348.97,1350.54,1344.33,1349.74,12840.4629,25827
2022-10-04 12:00:00,1349.74,1354.12,1346.61,1353.79,19916.3811,33170
2022-10-04 13:00:00,1353.79,1359.65,1348.0,1353.44,27157.0282,44511
2022-10-04 14:00:00,1353.45,1364.31,1346.01,1350.93,38550.8478,57146
2022-10-04 15:00:00,1350.92,1355.5,1345.64,1353.93,22434.9137,33999
2022-10-04 16:00:00,1353.93,1354.89,1346.55,1347.44,19774.3466,32543
2022-10-04 17:00:00,1347.43,1349.13,1338.12,1347.35,20495.1448,34929
2022-10-04 18:00:00,1347.35,1353.32,1346.52,1350.48,13088.1048,25649
2022-10-04 19:00:00,1350.48,1357.38,1345.35,1354.72,15826.9087,27600
2022-10-04 20:00:00,1354.72,1369.55,1351.09,1361.31,29779.9563,39280
2022-10-04 21:00:00,1361.31,1363.92,1356.29,1357.74,12590.3168,20196
2022-10-04 22:00:00,1357.73,1360.88,1355.6,1359.07,9080.6215,15389
2022-10-04 23:00:00,1359.08,1367.44,1356.98,1361.49,12847.5391,18167
2022-10-05 00:00:00,1361.5,1363.53,1352.25,1354.18,15480.6077,22674
2022-10-05 01:00:00,1354.17,1357.94,1352.17,1354.64,13294.3568,19909
2022-10-05 02:00:00,1354.64,1358.14,1353.16,1356.29,8225.746,15623
2022-10-05 03:00:00,1356.29,1359.19,1353.33,1353.95,5848.1316,14232
2022-10-05 04:00:00,1353.95,1356.42,1348.37,1350.63,13613.4575,26315
2022-10-05 05:00:00,1350.63,1353.73,1350.44,1352.57,9011.1896,22324
2022-10-05 06:00:00,1352.56,1358.86,1352.49,1356.31,14341.64,19998
2022-10-05 07:00:00,1356.32,1356.9,1351.56,1353.19,13529.5144,23632
2022-10-05 08:00:00,1353.18,1353.75,1340.04,1344.38,27641.7764,39145
2022-10-05 09:00:00,1344.38,1346.22,1341.29,1343.52,11696.1228,23135
2022-10-05 10:00:00,1343.53,1348.33,1342.87,1345.67,12792.7437,24740
2022-10-05 11:00:00,1345.66,1346.0,1331.41,1335.05,23816.346,30240
2022-10-05 12:00:00,1335.05,1336.72,1329.52,1332.51,18250.7031,28722
2022-10-05 13:00:00,1332.52,1333.98,1316.29,1323.75,49024.8875,53222
2022-10-05 14:00:00,1323.76,1327.68,1318.0,1323.38,29682.6173,41187
2022-10-05 15:00:00,1323.37,1330.93,1322.73,1330.35,22118.6918,33232
2022-10-05 16:00:00,1330.35,1357.49,1327.26,1350.93,52314.399,57615
2022-10-05 17:00:00,1350.94,1359.93,1347.85,1348.5,30478.958,42107
2022-10-05 18:00:00,1348.51,1357.39,1342.96,1357.39,22187.9481,31430
2022-10-05 19:00:00,1357.38,1364.77,1348.86,1350.63,31915.2357,41654
2022-10-05 20:00:00,1350.63,1352.98,1345.01,1345.02,14078.5337,20070
2022-10-05 21:00:00,1345.02,1352.0,1345.02,1348.26,13625.0988,19670
2022-10-05 22:00:00,1348.25,1357.96,1345.3,1355.46,18630.5642,27091
2022-10-05 23:00:00,1355.47,1356.27,1350.16,1352.2,11909.5085,17671
2022-10-06 00:00:00,1352.2,1379.82,1351.5,1370.04,52954.0996,62672
2022-10-06 01:00:00,1370.04,1382.0,1370.0,1378.4,28868.6842,37961
2022-10-06 02:00:00,1378.41,1383.99,1371.3,1373.01,23681.1184,31848
2022-10-06 03:00:00,1373.34,1374.66,1369.67,1372.56,11387.6023,21964
2022-10-06 04:00:00,1372.55,1381.69,1371.2,1372.79,24028.8983,30850
2022-10-06 05:00:00,1372.78,1377.77,1370.53,1372.97,20272.7288,24784
2022-10-06 06:00:00,1372.97,1372.98,1363.0,1363.7,25403.8848,30588
2022-10-06 07:00:00,1363.69,1368.99,1362.0,1368.36,18478.5454,29427
2022-10-06 08:00:00,1368.37,1370.5,1354.84,1359.66,24731.9364,35900
2022-10-06 09:00:00,1359.67,1362.5,1355.12,1355.99,14603.1105,25200
2022-10-06 10:00:00,1356.0,1359.48,1355.16,1358.12,11328.5744,21787
2022-10-06 11:00:00,1358.11,1369.59,1357.23,1368.75,18087.8195,31740
2022-10-06 12:00:00,1368.75,1378.54,1365.9,1367.63,32727.6009,45517
2022-10-06 13:00:00,1367.63,1380.3,1360.0,1364.51,42237.5888,58029
2022-10-06 14:00:00,1364.51,1372.45,1348.69,1369.96,55546.9317,71136
2022-10-06 15:00:00,1369.96,1370.48,1361.16,1361.38,25639.2072,35929
2022-10-06 16:00:00,1361.37,1366.9,1356.25,1363.29,19398.3279,30483
2022-10-06 17:00:00,1363.28,1372.92,1360.0,1365.09,26201.8857,35502
2022-10-06 18:00:00,1365.09,1365.22,1353.92,1357.54,22120.9413,27486
2022-10-06 19:00:00,1357.55,1361.56,1355.35,1358.91,22458.4591,25039
2022-10-06 20:00:00,1358.91,1364.0,1357.01,1363.84,10120.558,15073
2022-10-06 21:00:00,1363.84,1363.98,1351.47,1351.47,14140.6889,19098
2022-10-06 22:00:00,1351.48,1355.07,1345.01,1350.84,18959.9367,25672
2022-10-06 23:00:00,1350.85,1353.53,1347.02,1352.06,10596.1952,15988
2022-10-07 00:00:00,1352.07,1361.75,1350.23,1355.44,17786.152,25152
2022-10-07 01:00:00,1355.44,1359.09,1353.85,1354.77,9982.827,15429
2022-10-07 02:00:00,1354.77,1359.68,1350.74,1356.33,9061.8953,15713
2022-10-07 03:00:00,1356.32,1358.09,1354.5,1355.19,8506.245,12424
2022-10-07 04:00:00,1355.19,1359.21,1352.0,1352.15,10090.985,15155
2022-10-07 05:00:00,1352.15,1357.35,1351.87,1354.51,10250.8347,14859
2022-10-07 06:00:00,1354.51,1356.17,1346.01,1350.77,14266.9251,21235
2022-10-07 07:00:00,1350.78,1358.15,1350.01,1356.05,24606.6888,25556
2022-10-07 08:00:00,1356.04,1359.9,1355.0,1355.99,18435.3967,20837
2022-10-07 09:00:00,1355.99,1360.8,1354.85,1357.03,10520.5679,22041
2022-10-07 10:00:00,1357.02,1357.3,1353.09,1356.59,10785.067,21971
2022-10-07 11:00:00,1356.58,1357.59,1352.0,1354.76,14361.1027,27701
2022-10-07 12:00:00,1354.76,1358.73,1324.5,1331.29,107931.3611,113577
2022-10-07 13:00:00,1331.3,1337.9,1325.26,1332.84,39544.3585,56884
2022-10-07 14:00:00,1332.84,1342.96,1331.0,1339.69,32043.3484,45124
2022-10-07 15:00:00,1339.7,1341.69,1332.22,1334.11,15648.942,26881
2022-10-07 16:00:00,1334.12,1337.02,1319.0,1323.83,55590.4618,55690
2022-10-07 17:00:00,1323.83,1327.35,1320.91,1323.5,16892.7697,29923
2022-10-07 18:00:00,1323.5,1327.0,1317.26,1326.6,17497.1594,28128
2022-10-07 19:00:00,1326.67,1328.39,1323.0,1327.49,15021.7998,26125
2022-10-07 20:00:00,1327.48,1333.15,1325.0,1331.28,10933.7977,19217
2022-10-07 21:00:00,1331.27,1336.0,1329.79,1333.49,8701.8053,14252
2022-10-07 22:00:00,1333.48,1336.34,1331.91,1333.49,7801.8198,14518
2022-10-07 23:00:00,1333.48,1335.03,1330.55,1331.1,5737.5669,11072
2022-10-08 00:00:00,1331.1,1337.35,1330.01,1333.49,8208.6739,14313
2022-10-08 01:00:00,1333.49,1335.6,1331.43,1335.32,6553.9062,12385
2022-10-08 02:00:00,1335.31,1335.65,1332.82,1333.81,5823.4124,10907
2022-10-08 03:00:00,1333.8,1334.02,1330.87,1331.05,7240.1225,14814
2022-10-08 04:00:00,1331.06,1332.11,1326.05,1328.17,10162.5491,20302
2022-10-08 05:00:00,1328.17,1330.93,1327.72,1330.42,8087.981,21968
2022-10-08 06:00:00,1330.41,1333.25,1327.61,1331.93,7330.5678,16755
2022-10-08 07:00:00,1331.92,1332.49,1327.96,1330.47,7013.8191,14503
2022-10-08 08:00:00,1330.48,1330.72,1323.44,1325.25,8368.1665,17751
2022-10-08 09:00:00,1325.24,1328.5,1325.11,1327.26,5490.5833,16393
2022-10-08 10:00:00,1327.25,1329.94,1326.64,1328.05,7355.8277,16877
2022-10-08 11:00:00,1328.06,1330.45,1326.61,1329.8,6328.6793,13727
2022-10-08 12:00:00,1329.8,1330.18,1326.33,1328.95,9159.0181,15606
2022-10-08 13:00:00,1328.96,1329.02,1325.0,1325.75,8444.2473,17127
2022-10-08 14:00:00,1325.74,1326.4,1318.0,1324.96,17816.2725,22889
2022-10-08 15:00:00,1324.97,1325.34,1321.89,1324.31,6985.0347,12716
2022-10-08 16:00:00,1324.3,1329.99,1322.64,1329.31,8320.5688,14586
2022-10-08 17:00:00,1329.32,1329.51,1326.2,1327.48,6739.6365,11613
2022-10-08 18:00:00,1327.49,1328.02,1323.72,1324.94,6583.1617,11011
2022-10-08 19:00:00,1324.94,1324.95,1322.25,1324.54,4998.2756,9421
2022-10-08 20:00:00,1324.54,1326.5,1322.9,1325.29,5148.547,10483
2022-10-08 21:00:00,1325.3,1325.77,1304.0,1307.34,20212.0923,31474
2022-10-08 22:00:00,1307.33,1312.61,1303.51,1311.83,12852.8523,21950
2022-10-08 23:00:00,1311.83,1317.0,1311.26,1315.48,8167.6656,13680
2022-10-09 00:00:00,1315.48,1316.48,1311.25,1312.49,8221.0641,12149
2022-10-09 01:00:00,1312.49,1313.97,1309.38,1311.58,6431.1704,11598
2022-10-09 02:00:00,1311.59,1312.45,1307.26,1308.46,6935.9403,11551
2022-10-09 03:00:00,1308.47,1311.15,1307.91,1310.69,5614.8424,11896
2022-10-09 04:00:00,1310.68,1313.22,1308.62,1313.21,6234.6857,14996
2022-10-09 05:00:00,1313.21,1315.84,1312.54,1314.62,5243.3766,13471
2022-10-09 06:00:00,1314.62,1317.89,1313.4,1317.04,5110.6635,11706
2022-10-09 07:00:00,1317.05,1317.82,1314.79,1314.88,5137.1829,12520
2022-10-09 08:00:00,1314.89,1317.8,1313.44,1315.33,6371.4324,11555
2022-10-09 09:00:00,1315.32,1317.94,1314.84,1317.2,5438.5619,11234
2022-10-09 10:00:00,1317.19,1326.64,1315.75,1322.36,13275.874,18929
2022-10-09 11:00:00,1322.35,1327.99,1322.35,1323.09,9852.206,16423
2022-10-09 12:00:00,1323.1,1329.0,1323.08,1326.38,7007.4148,13017
2022-10-09 13:00:00,1326.39,1327.89,1321.69,1321.89,6104.8831,12067
2022-10-09 14:00:00,1321.89,1325.95,1320.97,1324.32,7017.9279,12838
2022-10-09 15:00:00,1324.31,1327.23,1323.69,1326.52,6253.7556,12944
2022-10-09 16:00:00,1326.52,1327.68,1321.9,1325.43,7208.7004,13032
2022-10-09 17:00:00,1325.42,1326.1,1323.08,1324.5,4486.2889,9760
2022-10-09 18:00:00,1324.5,1326.35,1322.12,1325.66,6597.9091,11223
2022-10-09 19:00:00,1325.65,1326.4,1310.0,1319.82,23136.0225,27789
2022-10-09 20:00:00,1319.81,1321.04,1316.96,1320.9,6476.193,11881
2022-10-09 21:00:00,1320.91,1323.5,1317.81,1321.45,5729.7262,10955
2022-10-09 22:00:00,1321.44,1321.58,1316.04,1316.65,13632.6571,20035
2022-10-09 23:00:00,1316.66,1323.43,1314.35,1323.13,8683.4397,14809
2022-10-10 00:00:00,1323.13,1334.27,1320.29,1333.19,16409.1004,23507
2022-10-10 01:00:00,1333.18,1338.0,1330.42,1330.91,13702.2372,20832
2022-10-10 02:00:00,1330.91,1330.95,1322.64,1324.45,8580.9466,14444
2022-10-10 03:00:00,1324.44,1325.99,1321.0,1323.18,6167.8611,11898
2022-10-10 04:00:00,1323.18,1325.39,1321.79,1324.64,6833.9438,12599
2022-10-10 05:00:00,1324.64,1325.0,1316.07,1317.94,11565.245,19036
2022-10-10 06:00:00,1317.95,1320.4,1312.16,1315.09,12104.491,18928
2022-10-10 07:00:00,1315.08,1319.89,1314.09,1316.7,10514.4162,19092
2022-10-10 08:00:00,1316.7,1317.64,1296.36,1306.79,43945.3942,57319
2022-10-10 09:00:00,1306.8,1313.02,1305.32,1312.87,19351.2303,28347
2022-10-10 10:00:00,1312.87,1314.75,1309.74,1310.0,13062.1777,26271
2022-10-10 11:00:00,1310.0,1317.63,1309.91,1315.0,14906.8061,24808
2022-10-10 12:00:00,1315.01,1319.68,1312.9,1318.33,15914.2502,25819
2022-10-10 13:00:00,1318.33,1319.35,1308.29,1310.4,21618.558,34542
2022-10-10 14:00:00,1310.4,1317.49,1303.39,1306.92,28365.3276,35312
2022-10-10 15:00:00,1306.92,1311.4,1305.05,1308.27,18275.5666,28645
2022-10-10 16:00:00,1308.26,1309.38,1298.99,1300.8,22907.1965,29605
2022-10-10 17:00:00,1300.81,1315.0,1299.26,1312.47,19433.1327,27337
2022-10-10 18:00:00,1312.48,1312.82,1306.3,1308.22,12263.0882,19769
2022-10-10 19:00:00,1308.23,1310.35,1306.0,1307.59,12256.2257,21572
2022-10-10 20:00:00,1307.6,1309.41,1307.01,1307.32,5868.0586,10622
2022-10-10 21:00:00,1307.32,1309.97,1303.36,1306.74,8282.3687,15081
2022-10-10 22:00:00,1306.74,1306.74,1288.0,1292.22,36274.0716,42589
2022-10-10 23:00:00,1292.22,1296.9,1288.0,1290.03,15061.3174,19340
2022-10-11 00:00:00,1290.03,1290.03,1267.01,1277.9,62261.7649,60894
2022-10-11 01:00:00,1277.9,1281.08,1271.73,1276.08,21342.5916,25288
2022-10-11 02:00:00,1276.08,1280.16,1270.2,1279.99,14659.8143,21493
2022-10-11 03:00:00,1279.99,1282.15,1278.08,1278.37,10509.2582,20100
2022-10-11 04:00:00,1278.36,1280.01,1274.67,1277.44,13694.038,18442
2022-10-11 05:00:00,1277.44,1278.13,1274.3,1275.04,9801.6274,18228
2022-10-11 06:00:00,1275.05,1283.23,1272.05,1277.89,16435.5508,25139
2022-10-11 07:00:00,1277.9,1284.51,1275.93,1284.19,17658.5647,26624
2022-10-11 08:00:00,1284.19,1288.93,1283.65,1284.91,14766.3961,24034
2022-10-11 09:00:00,1284.92,1286.05,1277.82,1280.64,11017.1187,20101
2022-10-11 10:00:00,1280.64,1284.76,1278.23,1283.23,9975.9956,15371
2022-10-11 11:00:00,1283.24,1286.83,1279.8,1286.72,13457.3311,18613
2022-10-11 12:00:00,1286.72,1294.86,1284.04,1285.94,23717.4806,28302
2022-10-11 13:00:00,1285.94,1286.82,1273.59,1274.64,28559.9441,32876
2022-10-11 14:00:00,1274.65,1287.76,1268.85,1282.37,31953.6509,41869
2022-10-11 15:00:00,1282.36,1297.68,1282.36,1293.56,23655.1202,32011
2022-10-11 16:00:00,1293.56,1298.0,1288.03,1295.55,20832.5785,26038
2022-10-11 17:00:00,1295.55,1295.93,1288.96,1290.96,12416.7224,19735
2022-10-11 18:00:00,1290.97,1291.66,1276.41,1278.85,22006.4472,29288
2022-10-11 19:00:00,1278.85,1284.59,1275.64,1282.51,18724.2879,24769
2022-10-11 20:00:00,1282.5,1287.22,1281.36,1281.69,7267.8659,13082
2022-10-11 21:00:00,1281.69,1283.0,1273.8,1276.5,8393.7797,14450
2022-10-11 22:00:00,1276.5,1282.04,1276.31,1280.9,8858.2191,13043
2022-10-11 23:00:00,1280.9,1282.11,1274.73,1280.11,7464.2462,13317
2022-10-12 00:00:00,1280.11,1288.93,1275.25,1286.52,14359.8245,20122
2022-10-12 01:00:00,1286.51,1288.45,1281.34,1283.61,14544.4825,18378
2022-10-12 02:00:00,1283.61,1284.77,1279.55,1284.21,8689.0033,13155
2022-10-12 03:00:00,1284.22,1286.88,1283.22,1283.71,6182.3602,10940
2022-10-12 04:00:00,1283.71,1293.22,1283.25,1291.91,15340.2793,21478
2022-10-12 05:00:00,1291.92,1295.4,1289.13,1292.0,7869.2583,15010
2022-10-12 06:00:00,1292.01,1301.74,1290.05,1296.94,18420.4274,22651
2022-10-12 07:00:00,1296.93,1298.33,1292.39,1293.88,13171.3308,18415
2022-10-12 08:00:00,1293.88,1299.5,1292.73,1297.76,17282.4606,17967
2022-10-12 09:00:00,1297.77,1306.87,1297.37,1302.99,17642.445,20596
2022-10-12 10:00:00,1302.99,1304.49,1298.49,1299.99,10630.1996,15032
2022-10-12 11:00:00,1299.98,1303.78,1297.44,1297.68,17493.9049,18416
2022-10-12 12:00:00,1297.67,1305.59,1285.51,1294.6,42950.4571,47068
2022-10-12 13:00:00,1294.59,1302.17,1290.66,1298.76,25725.6145,34489
2022-10-12 14:00:00,1298.76,1301.56,1292.82,1296.41,18188.5168,24123
2022-10-12 15:00:00,1296.4,1300.79,1295.91,1299.24,12777.5523,19760
2022-10-12 16:00:00,1299.23,1300.01,1291.6,1294.66,11104.2918,17406
2022-10-12 17:00:00,1294.65,1295.49,1289.5,1292.17,9424.8366,15379
2022-10-12 18:00:00,1292.17,1299.24,1287.53,1296.04,31946.0207,32746
2022-10-12 19:00:00,1296.04,1301.0,1295.44,1297.05,18583.671,16373
2022-10-12 20:00:00,1297.05,1299.25,1296.51,1299.19,6076.4796,13632
2022-10-12 21:00:00,1299.19,1302.97,1298.53,1299.86,12834.6959,16011
2022-10-12 22:00:00,1299.87,1302.34,1294.19,1294.51,9914.5271,14009
2022-10-12 23:00:00,1294.52,1296.29,1292.68,1294.44,8559.9361,14755
2022-10-13 00:00:00,1294.44,1296.69,1292.22,1296.44,11282.8469,12726
2022-10-13 01:00:00,1296.44,1299.15,1291.76,1292.72,12565.5089,16818
2022-10-13 02:00:00,1292.73,1293.2,1282.05,1286.88,20459.897,25109
2022-10-13 03:00:00,1286.88,1288.19,1285.07,1286.47,8510.7842,12744
2022-10-13 04:00:00,1286.48,1286.48,1282.22,1284.55,8337.3837,13789
2022-10-13 05:00:00,1284.56,1289.25,1279.28,1287.46,16738.6783,23332
2022-10-13 06:00:00,1287.46,1288.94,1282.77,1284.07,12496.635,17053
2022-10-13 07:00:00,1284.06,1284.07,1271.64,1277.43,32094.7947,39880
2022-10-13 08:00:00,1277.44,1280.49,1273.55,1278.21,15424.0218,21595
2022-10-13 09:00:00,1278.21,1279.76,1272.02,1273.52,13113.9441,22421
2022-10-13 10:00:00,1273.52,1275.45,1220.41,1242.95,139087.2495,150209
2022-10-13 11:00:00,1242.94,1252.55,1240.36,1243.09,43408.4151,56425
2022-10-13 12:00:00,1243.09,1275.06,1190.0,1217.93,189450.9408,187242
2022-10-13 13:00:00,1217.93,1226.95,1205.49,1222.56,50509.3543,72648
2022-10-13 14:00:00,1222.55,1228.8,1218.0,1222.02,41740.2642,53074
2022-10-13 15:00:00,1222.03,1267.14,1220.59,1256.9,99159.1557,107630
2022-10-13 16:00:00,1256.9,1270.85,1251.23,1265.3,46467.1492,63275
2022-10-13 17:00:00,1265.31,1282.28,1265.3,1275.1,38919.909,50291
2022-10-13 18:00:00,1275.09,1290.0,1270.88,1285.68,43587.1604,50647
2022-10-13 19:00:00,1285.67,1294.89,1283.67,1287.03,35981.5638,44438
2022-10-13 20:00:00,1287.04,1301.58,1286.46,1293.65,27270.5009,36851
2022-10-13 21:00:00,1293.65,1296.4,1289.63,1294.84,11633.7686,17688
2022-10-13 22:00:00,1294.85,1297.94,1291.77,1292.43,12975.0928,18282
2022-10-13 23:00:00,1292.42,1293.0,1285.59,1287.08,14403.2974,21666
2022-10-14 00:00:00,1287.08,1292.96,1283.39,1290.24,17218.5062,21492
2022-10-14 01:00:00,1290.23,1334.13,1290.11,1328.97,71510.2494,74480
2022-10-14 02:00:00,1328.96,1336.9,1324.03,1332.61,38289.2647,48506
2022-10-14 03:00:00,1332.61,1342.0,1327.74,1329.76,28583.4408,31893
2022-10-14 04:00:00,1329.75,1332.2,1325.81,1327.1,19009.7991,22847
2022-10-14 05:00:00,1327.09,1329.22,1323.62,1325.11,8821.7068,10735
